Source,Target
Cricket,Bat-and-ball_games
Bat-and-ball_games,Playing_field
Playing_field,British_English
British_English,English_language
English_language,West_Germanic_languages
West_Germanic_languages,Germanic_languages
Germanic_languages,Indo-European_languages
Indo-European_languages,Language_family
Language_family,Language
Language,Human
Human,Hominini
Hominini,Tribe_(biology)
Tribe_(biology),Biology
Biology,Natural_science
Natural_science,Empirical_science
Empirical_science,Knowledge
Knowledge,Fact
Fact,Experience
Experience,Experiment
Experiment,Hypothesis
Hypothesis,Explanation
Explanation,Set_(mathematics)
Set_(mathematics),Mathematics
Mathematics,Quantity
Quantity,Property_(philosophy)
Property_(philosophy),Logic
Logic,Reasoning
Reasoning,Consciousness
Consciousness,Quality_(philosophy)
Quality_(philosophy),Philosophy
Philosophy,Reality
Reality,Existence
Existence,World
World,Human
Irish_people,Nation
Nation,Culture
Culture,Classical_antiquity
Classical_antiquity,History
History,Umbrella_term
Umbrella_term,Cryptography
Cryptography,Communications_protocol
Communications_protocol,Telecommunications
Telecommunications,Communication
Communication,Information
Information,Data
Data,Value_(computer_science)
Value_(computer_science),Computer_science
Computer_science,Science
Science,Knowledge
Antsla_Parish,Municipalities_of_Estonia
Municipalities_of_Estonia,Estonia
Estonia,Lake_Peipus
Lake_Peipus,German_language
German_language,West_Germanic_languages
Fictional_character,Person
Person,Human
Association_football,Team_sport
Team_sport,Sport
Sport,Competition
Competition,Biology
Complex_geometry,Mathematics
Folk_rock,Folk_music
Folk_music,Music
Music,Art
Art,Human_behavior
Human_behavior,Behavior
Behavior,Organism
Organism,Biology
White_Bull,Sitting_Bull
Sitting_Bull,Hunkpapa
Hunkpapa,Native_Americans_in_the_United_States
Native_Americans_in_the_United_States,United_States
United_States,Federal_republic
Federal_republic,Federation
Federation,Political_union
Political_union,State_(polity)
State_(polity),Community
Community,Level_of_analysis#Meso-level
Level_of_analysis#Meso-level,Unit_of_observation
Unit_of_observation,Statistics
Statistics,Data
<<<<<<< HEAD
Tralles,Ayd%C4%B1n_Province
Ayd%C4%B1n_Province,Turkey
Turkey,List_of_transcontinental_countries
List_of_transcontinental_countries,Overseas_territories
Overseas_territories,Territory_(country_subdivision)
Territory_(country_subdivision),Territories_of_Australia
Territories_of_Australia,List_of_countries_and_outlying_territories_by_total_area
List_of_countries_and_outlying_territories_by_total_area,World
World,Human
Human,Hominini
Hominini,Tribe_(biology)
Tribe_(biology),Biology
Biology,Natural_science
Natural_science,Empirical_science
Empirical_science,Knowledge
Knowledge,Fact
Fact,Experience
Experience,Experiment
Experiment,Hypothesis
Hypothesis,Explanation
Explanation,Set_(mathematics)
Set_(mathematics),Mathematics
Mathematics,Quantity
Quantity,Property_(philosophy)
Property_(philosophy),Logic
Logic,Reasoning
Reasoning,Consciousness
Consciousness,Quality_(philosophy)
Quality_(philosophy),Philosophy
Philosophy,Reality
Reality,Existence
Existence,World
Netherley,_Liverpool,Liverpool
Liverpool,Metropolitan_borough
Metropolitan_borough,Districts_of_England
Districts_of_England,Subdivisions_of_England
Subdivisions_of_England,Administrative_division
Administrative_division,Country
=======
501(c)(3),Tax-exempt
Tax-exempt,Taxable_income
Taxable_income,Income_tax
Income_tax,Money
Money,Payment
Payment,Party_(law)
Party_(law),Person
Communes_of_France,Administrative_divisions
Administrative_divisions,Country
>>>>>>> FETCH_HEAD
Country,Political_geography
Political_geography,Human_geography
Human_geography,Geography
Geography,Earth
Earth,World
<<<<<<< HEAD
Oslo,Norway
Norway,Scandinavia
Scandinavia,Historical_region
Historical_region,List_of_time_periods
List_of_time_periods,Time
Time,Dimension
Dimension,Physics
Physics,Natural_science
General_Service_Area,Canada
Canada,Provinces_and_territories_of_Canada
Provinces_and_territories_of_Canada,List_of_countries_and_dependencies_by_area
List_of_countries_and_dependencies_by_area,World
Scotland,Country
Moth,Insect
Insect,Class_(biology)
Class_(biology),Biological_classification
Biological_classification,Taxonomy_(biology)
Taxonomy_(biology),Science
Science,Knowledge
Subotica,List_of_cities_in_Serbia
List_of_cities_in_Serbia,Mayor
Mayor,Officer
Officer,Authority
Authority,Latin
Latin,Classical_antiquity
Classical_antiquity,History
History,Umbrella_term
Umbrella_term,Cryptography
Cryptography,Communications_protocol
Communications_protocol,Telecommunications
Telecommunications,Communication
Communication,Information
Information,Data
Data,Value_(computer_science)
Value_(computer_science),Computer_science
Computer_science,Science
Police_procedural,Detective_fiction
Detective_fiction,Crime_fiction
Crime_fiction,Literary_genre
Literary_genre,Literary_technique
Literary_technique,Literary_element
Literary_element,Narrative
Narrative,Report
Report,Presentation
Presentation,Lecture
Lecture,Presentation
Austronesian_language,Language_family
Language_family,Language
Language,Human
Fernand_Gobet,Cognitive_scientist
Cognitive_scientist,Science
Public_university,University
University,Educational_institution
Educational_institution,Education
Education,Learning
Learning,Knowledge
Municipalities_of_Mexico_State,Mexico
Mexico,Federal_republic
Federal_republic,Federation
Federation,Political_union
Political_union,State_(polity)
State_(polity),Community
Community,Level_of_analysis#Meso-level
Level_of_analysis#Meso-level,Unit_of_observation
Unit_of_observation,Statistics
Statistics,Data
Two-decker,Warship
Warship,Ship
Ship,Buoyancy
Buoyancy,Science
Block_E_(Minneapolis),Minneapolis
Minneapolis,County_seat
County_seat,Administrative_center
Administrative_center,Local_government
Local_government,Public_administration
Public_administration,Public_policy
Public_policy,Executive_(government)
Executive_(government),Authority
Air_Vice_Marshal,Two-star_rank
Two-star_rank,NATO
NATO,Intergovernmental_organization
Intergovernmental_organization,Organization
Organization,Entity
Entity,Abstraction
Abstraction,First_principle
First_principle,Proposition
Proposition,Contemporary_philosophy
Contemporary_philosophy,Present
Present,Time
Association_football,Team_sport
Team_sport,Sport
Sport,Competition
Competition,Biology
Pisarzowice,_Greater_Poland_Voivodeship,Village
Village,Human_settlement
Human_settlement,Geography
Soccer,Team_sport
Itivand-e_Shomali_Rural_District,Rural_Districts_of_Iran
Rural_Districts_of_Iran,Country_subdivision
Country_subdivision,Country
Distinguished_Service_Order,Military_decoration
Military_decoration,Medal
Medal,Sculpture
Sculpture,Visual_arts
Visual_arts,Art#Forms.2C_genres.2C_media.2C_and_styles
Art#Forms.2C_genres.2C_media.2C_and_styles,Human_behavior
Human_behavior,Behavior
Behavior,Organism
Organism,Biology
Kazakhs,Turkic_peoples
Turkic_peoples,Ethnic_group
Ethnic_group,Cultural_heritage
Cultural_heritage,Society
Society,Human
Types_of_inhabited_localities_in_Russia,Human_settlement
Larry_Norman,Record_label
Record_label,Recorded_sound
Recorded_sound,Sound
Sound,Physics
Oscar_Fox_(footballer_born_1889),England
England,Constituent_country
Constituent_country,Country
SS,Paramilitary
Paramilitary,Military
Military,Use_of_force
Use_of_force,Police_force
Police_force,Sovereign_state
=======
Disneyland,Theme_park
Theme_park,Entertainment
Entertainment,Audience
Audience,Person
Phi_Sigma_Kappa,Fraternities_and_sororities
Fraternities_and_sororities,Fraternity
Fraternity,Secret_society
Secret_society,Intelligence_agencies
Intelligence_agencies,Government_agency
Government_agency,Machinery_of_government
Machinery_of_government,Government
Government,State_(polity)
United_Kingdom,Sovereign_state
>>>>>>> FETCH_HEAD
Sovereign_state,Centralized_government
Centralized_government,Political_power
Political_power,Social_science
Social_science,Academic_discipline
Academic_discipline,Knowledge
<<<<<<< HEAD
Interstate_Highway,Freeway
Freeway,Highway
Highway,Road
Road,Thoroughfare
Thoroughfare,Transportation
Transportation,Cargo
Cargo,Good_(economics)
Good_(economics),Economics
Economics,Social_science
Marxist_theory,Philosophy
Ashkenazi_Jews,Holy_Roman_Empire
Holy_Roman_Empire,Central_Europe
Central_Europe,Europe
Europe,Continent
Continent,Landmass
Landmass,Earth
Kurdish_people,Middle_East
Middle_East,Region
Region,Geography
United_States,Federal_republic
Bill_Lowery_(politician),California%27s_41st_congressional_district
California%27s_41st_congressional_district,Congressional_district
Congressional_district,Constituency
Constituency,Election
Election,Decision_making
Decision_making,Cognition
Cognition,Science
Common_name,Biological_nomenclature
Biological_nomenclature,Taxonomy_(biology)
Boy_band,Vocal_group
Vocal_group,Vocal_Group_Hall_of_Fame
Vocal_Group_Hall_of_Fame,Tony_Butala
Tony_Butala,The_Lettermen
The_Lettermen,Harmony
Harmony,Music
Music,Art
Art,Human_behavior
Baltic_Germans,Ethnic_German
Ethnic_German,Germans
Germans,Germanic_peoples
Germanic_peoples,Proto-Indo-Europeans
Proto-Indo-Europeans,Proto-Indo-European_language
Proto-Indo-European_language,Linguistic_reconstruction
Linguistic_reconstruction,Attested_language
Attested_language,Linguistics
Linguistics,Science
E_major,Major_scale
Major_scale,Scale_(music)
Scale_(music),Music
United_States_district_court,Trial_court
Trial_court,Court
Court,Tribunal
Tribunal,Institution
Institution,Social_structure
Social_structure,Social_science
Soprano,Voice_type
Voice_type,Singing
Singing,Music
Japanese_people,Ethnic_group
Baseball,Bat-and-ball_games
Bat-and-ball_games,Playing_field
Playing_field,British_English
British_English,English_language
English_language,West_Germanic_languages
West_Germanic_languages,Germanic_languages
Germanic_languages,Indo-European_languages
Indo-European_languages,Language_family
Unincorporated_area,Law
Law,System
System,Element_(mathematics)
Element_(mathematics),Mathematics
Parish_church,Christianity
=======
Shopping_mall,Retailing
Retailing,End-user
End-user,Product_(business)
Product_(business),Marketing
Marketing,Communication
Foggia,Apulia
Apulia,Region_of_Italy
Region_of_Italy,Administrative_division
Administrative_division,Country
Mushroom,Spore
Spore,Biology
Joinville-le-Pont,Communes_of_France
Omar_Rodr%C3%ADguez-L%C3%B3pez,Bayam%C3%B3n
Bayam%C3%B3n,Municipalities_of_Puerto_Rico
Municipalities_of_Puerto_Rico,Puerto_Rico
Puerto_Rico,Unincorporated_territories_of_the_United_States
Unincorporated_territories_of_the_United_States,Organic_Acts
Organic_Acts,United_States_law
United_States_law,Law
Law,System
System,Element_(mathematics)
Element_(mathematics),Mathematics
Bangladeshi-Japanese_relations,Least_developed_country
Least_developed_country,Country
Enzyme,Molecule
Molecule,Atom
Atom,Matter
Matter,Light
Light,Electromagnetic_radiation
Electromagnetic_radiation,Electromagnetism
Electromagnetism,Fundamental_interaction
Fundamental_interaction,Physics
Physics,Natural_science
Radwimps,Japan
Japan,Island_country
Island_country,Country
Christmas,Nativity_of_Jesus
Nativity_of_Jesus,Virgin_birth_of_Jesus
Virgin_birth_of_Jesus,Jesus
Jesus,Christianity
>>>>>>> FETCH_HEAD
Christianity,Monotheism
Monotheism,Deity
Deity,Religious_belief
Religious_belief,Belief
Belief,Conjecture
Conjecture,Proposition_(philosophy)
Proposition_(philosophy),Contemporary_philosophy
<<<<<<< HEAD
Arc-et-Senans,Communes_of_France
Communes_of_France,Administrative_divisions
Administrative_divisions,Country
Dhanbad_district,Jharkhand
Jharkhand,India
India,South_Asia
South_Asia,South
South,Noun
Noun,Part_of_speech
Part_of_speech,Grammar
Grammar,Linguistics
Bow_(weapon),Weapon
Weapon,Hunting
Hunting,Wildlife
Wildlife,Domesticated
Domesticated,Population
Population,Species
Species,Biology
London,England
Robert-Cliche_Regional_County_Municipality,Regional_county_municipality
Regional_county_municipality,Quebec
Quebec,Provinces_and_territories_of_Canada
Listed_building,England
National_Institute_of_Statistics,National_Institute_of_Statistics_of_Bolivia
National_Institute_of_Statistics_of_Bolivia,Government_of_Bolivia
Government_of_Bolivia,Presidential_system
Presidential_system,Republicanism
Republicanism,Ideology
Ideology,Unconscious_mind
Unconscious_mind,Mind
Mind,Cognition
School,Institution
Tributary,Stream
Stream,Body_of_water
Body_of_water,Water
=======
Contemporary_philosophy,Present
Present,Time
Time,Dimension
Dimension,Physics
Line_4_(Madrid_Metro),Madrid_Metro
Madrid_Metro,Rapid_transit
Rapid_transit,Public_transport
Public_transport,Passenger
Passenger,Vehicle
Vehicle,Motion_(physics)
Motion_(physics),Physics
Village,Human_settlement
Human_settlement,Geography
England,Constituent_country
Constituent_country,Country
Strawberry,Hybrid_(biology)
Hybrid_(biology),Biology
NBA,Professional_sports_league_organization
Professional_sports_league_organization,Sports_league
Sports_league,Team
Team,Groups_of_people
Groups_of_people,Social_sciences
Social_sciences,Academic_discipline
River,Watercourse
Watercourse,Water
>>>>>>> FETCH_HEAD
Water,Chemical_compound
Chemical_compound,Chemical_substance
Chemical_substance,Chemistry
Chemistry,Physical_science
Physical_science,Physics
<<<<<<< HEAD
Snake,Carnivore
Carnivore,Organism
S%C3%A3o_Paulo_(state),States_of_Brazil
States_of_Brazil,Brazil
Brazil,South_America
South_America,Continent
Bay,Ocean_surface_wave
Ocean_surface_wave,Fluid_dynamics
Fluid_dynamics,Physics
McAlester,_Oklahoma,Pittsburg_County,_Oklahoma
Pittsburg_County,_Oklahoma,County_(US)
County_(US),United_States
Wales,Country
Historic_district_(United_States),United_States
Lock_(device),Mechanics
Mechanics,Science
Unincorporated_community,Law
Zhang_Ziyi,Four_Dan_Actresses
Four_Dan_Actresses,Mainland_China
Mainland_China,Geography
Germany,Federation
Maurice_Genevoix,France
France,Western_Europe
Western_Europe,Europe
Sifow,Japan
Japan,Island_country
Island_country,Country
German_language,West_Germanic_languages
Female_impersonator,Femininity
Femininity,Sex_and_gender_distinction
Sex_and_gender_distinction,Sex
Sex,Organism
Animated_series,Animation
Animation,Motion_(physics)
Motion_(physics),Physics
Protein,Biomolecule
Biomolecule,Molecule
Molecule,Atom
Atom,Matter
Matter,Light
Light,Electromagnetic_radiation
Electromagnetic_radiation,Electromagnetism
Electromagnetism,Fundamental_interaction
Fundamental_interaction,Physics
Parliament_of_New_Zealand,Monarchy_in_New_Zealand
Monarchy_in_New_Zealand,Heredity
Heredity,Phenotypic_trait
Phenotypic_trait,Phenotype
Phenotype,Organism
Midget_submarine,Submarine
Submarine,Watercraft
Watercraft,Vehicles
Vehicles,Motion_(physics)
Jimmy_Lin,Taipei
Taipei,Taiwan
Taiwan,Sovereign_state
Butterfly,Order_(biology)
Order_(biology),Biological_classification
Ring_name,Stage_name
Stage_name,Pseudonym
Pseudonym,Name
Name,Personal_name
Personal_name,Western_culture
Western_culture,Cultural_heritage
Guahiban_languages,Language_family
China,East_Asia
East_Asia,East
East,Noun
Algonquian_languages,Native_American_languages
Native_American_languages,Indigenous_peoples_of_the_Americas
Indigenous_peoples_of_the_Americas,Pre-Columbian
Pre-Columbian,Archaeology_of_the_Americas
Archaeology_of_the_Americas,Archaeology
Archaeology,Human
Howmeh_Rural_District_(Shahrud_County),Rural_Districts_of_Iran
BDSM,Eroticism
Eroticism,Quality_(philosophy)
Mini-series,Television_program
Television_program,Television
Television,Telecommunication
Telecommunication,Communication
Toy,Play_(activity)
Play_(activity),Psychology
Psychology,Applied_science
Applied_science,Science
Del_Mar_Heights,_San_Diego,San_Diego,_California
San_Diego,_California,California
California,U.S._State
U.S._State,United_States
United_Reformed_Church,Christian
Christian,Christianity
Arithmetic_geometry,Mathematics
Orlando,_Florida,U.S._state
U.S._state,United_States
Cable-stayed_bridge,Wire_rope
Wire_rope,Cable
Cable,Wire
Wire,Cylinder_(geometry)
Cylinder_(geometry),Surface
Surface,Mathematics
Independent_school,School
Molecular_formula,Atom
Computer_networks,Telecommunications_network
Telecommunications_network,Terminal_(telecommunication)
Terminal_(telecommunication),Telecommunication
Loja_Province,Provinces_of_Ecuador
War_poetry,Poet
Poet,Poetry
Poetry,Literature
Literature,Etymology
Etymology,History
Chibemba,Bantu_languages
Bantu_languages,Niger%E2%80%93Congo_languages
Niger%E2%80%93Congo_languages,Language_family
Kita-ku,_Osaka,Wards_of_Japan
Wards_of_Japan,Japan
Extended_play,Single_(music)
Single_(music),Music
=======
Elementary_school,School
School,Institution
Institution,Social_structure
Social_structure,Social_science
Poland,Central_Europe
Central_Europe,Europe
Europe,Continent
Continent,Landmass
Landmass,Earth
Panama,Central_America
Central_America,Geography
Travis_(given_name),Given_name
Given_name,Personal_name
Personal_name,Western_culture
Western_culture,Cultural_heritage
Cultural_heritage,Society
Society,Human
University,Educational_institution
Educational_institution,Education
Education,Learning
Learning,Knowledge
Radiological_Society_of_North_America,Illinois
Illinois,U.S._state
U.S._state,United_States
Round_Barn,_Washington_Township_(Janesville,_Iowa),Cedar_Falls,_Iowa
Cedar_Falls,_Iowa,Black_Hawk_County,_Iowa
Black_Hawk_County,_Iowa,County_(United_States)
County_(United_States),United_States
Sea_snail,Common_name
Common_name,Biological_nomenclature
Biological_nomenclature,Taxonomy_(biology)
Taxonomy_(biology),Science
Kindergarten,Preschool_education
Preschool_education,School
UK,Sovereign_state
Ghanaian,Sovereign_state
Landespolizei,Law_enforcement_in_Germany
Law_enforcement_in_Germany,Weimar_Republic
Weimar_Republic,Federal_republic
Angraecum,Genus
Genus,Biology
NBC,Commercial_broadcasting
Commercial_broadcasting,Broadcasting
Broadcasting,Distribution_(business)
Distribution_(business),Marketing_mix
Marketing_mix,Marketing
Romani_people,Diaspora
Diaspora,Atlantic_slave_trade
Atlantic_slave_trade,Atlantic_Ocean
Atlantic_Ocean,Ocean
Ocean,Saline_water
Saline_water,Water
Emmanuel_College,_Cambridge,Colleges_of_the_University_of_Cambridge
Colleges_of_the_University_of_Cambridge,Colleges_within_universities_in_the_United_Kingdom
Colleges_within_universities_in_the_United_Kingdom,University_of_London
University_of_London,Collegiate_university
Collegiate_university,University
Hindustani_classical_music,Hindustan
Hindustan,Indian_subcontinent
Indian_subcontinent,Asia
Asia,Earth
Town,Human_settlement
Bijbehara,Nagar_Panchayat_(Notified_Area_Council)
Nagar_Panchayat_(Notified_Area_Council),Municipality
Municipality,Administrative_division
Russia,Eurasia
Eurasia,Continent
Prince_Charles_Mountains,Mountain
Mountain,Landform
Landform,Geomorphology
Geomorphology,Landform
M%C4%81ori_people,Indigenous_people
Indigenous_people,International_Labour_Organization
International_Labour_Organization,Labour_(economics)
Labour_(economics),Market_(economics)
Market_(economics),System
Chemist,Scientist
Scientist,Knowledge
Intelligence_and_Security_Directorate,Arabic_language
Arabic_language,Classical_Arabic
Classical_Arabic,Quran
Quran,Religious_text
Religious_text,Sacred
Sacred,Awe
Awe,Emotion
Emotion,Psychology
Psychology,Applied_science
Applied_science,Science
Extended_play,Single_(music)
Single_(music),Music
Jay_Johnson_(General_Counsel),Lawyer
Lawyer,Law
Bachelor_of_Resource_and_Environmental_Planning,Urban_planning
Urban_planning,Human_settlement
St._Julian%27s,Malta
Malta,Mediterranean_Sea
Mediterranean_Sea,Sea
Sea,Ocean
Township_(United_States),United_States
Orbost_railway_line,Latrobe_Valley
Latrobe_Valley,Gippsland
Gippsland,Victoria_(Australia)
Victoria_(Australia),States_and_territories_of_Australia
States_and_territories_of_Australia,List_of_countries_and_outlying_territories_by_total_area
List_of_countries_and_outlying_territories_by_total_area,World
List_of_Argentine_films_of_1972,1972_in_film
1972_in_film,Francis_Ford_Coppola
Francis_Ford_Coppola,Film_director
Film_director,Film
Film,Phi_phenomenon
Phi_phenomenon,Max_Wertheimer
Max_Wertheimer,Austro-Hungarian
Austro-Hungarian,Constitutional_monarchy
Constitutional_monarchy,Democracy
Democracy,Form_of_government
Form_of_government,State_(polity)
Sons_of_Korah,Geelong
Geelong,Australia
Australia,Australia_(continent)
Australia_(continent),Continent
Democratic_Party_(United_States),Two_party_system
Two_party_system,Major_party
Major_party,Political_party
Political_party,Democracy
Trail_blazing,United_Kingdom
United_States_Department_of_Defense,United_States_federal_executive_departments
United_States_federal_executive_departments,Executive_branch
Executive_branch,Authority
Authority,Latin
Latin,Classical_antiquity
Exxon_Mobil_Corporation,Multinational_corporation
Multinational_corporation,Corporation
Corporation,Separate_legal_entity
Separate_legal_entity,Legal_person
Legal_person,Legal_capacity
Legal_capacity,Natural_person
Natural_person,Jurisprudence
Jurisprudence,Education
G%C3%A4nserndorf_(district),Districts_of_Austria
Districts_of_Austria,States_of_Austria
States_of_Austria,Austria
Austria,Federal_republic
Kuala_Lumpur,Malaysia
Malaysia,Federation
Mexico,Federal_republic
Evergreen,Botany
Botany,Plant
Plant,Multicellular_organism
Multicellular_organism,Organism
Ancient_Egyptian_afterlife_beliefs,Polytheistic
Polytheistic,Deity
African-American,United_States
Tielt,Belgium
Belgium,Federation
Gregorian_calendar,Civil_calendar
Civil_calendar,Calendar
Calendar,Time
Rosslyn_Chapel,Catholic
Catholic,Christianity
Shwetambar,Jainism
Jainism,Indian_religions
Indian_religions,Indian_subcontinent
Short_subject,Feature_film
Feature_film,Film
Hicks_Mill,_Brunswick_County,_Virginia,Unincorporated_community
Unincorporated_community,Law
Greece,Southern_Europe
Southern_Europe,Policy
Policy,Principle
Principle,Law
Ontario,Provinces_of_Canada
Provinces_of_Canada,List_of_countries_and_dependencies_by_area
List_of_countries_and_dependencies_by_area,World
Dodoma_Urban,Dodoma_Region
Dodoma_Region,Tanzania
Tanzania,East_Africa
East_Africa,East
East,Noun
Noun,Part_of_speech
Part_of_speech,Grammar
Grammar,Linguistics
Linguistics,Science
Houlton,_Maine,Aroostook_County,_Maine
Aroostook_County,_Maine,County_(US)
County_(US),United_States
Tennis,Types_of_tennis_match#Doubles
Types_of_tennis_match#Doubles,Grand_Slam_(tennis)
Grand_Slam_(tennis),Tennis
C_programming_language,Computing
Computing,Goal-oriented
Goal-oriented,Goal
Goal,Motivation
Motivation,Desire
Desire,Emotion
Giant_star,Star
Star,Stellar_mass
Stellar_mass,Astronomer
Astronomer,Celestial_body
Celestial_body,Entity
Entity,Abstraction
Abstraction,First_principle
First_principle,Proposition
Proposition,Contemporary_philosophy
Moth,Insect
Insect,Class_(biology)
Class_(biology),Biological_classification
Biological_classification,Taxonomy_(biology)
Norway,Scandinavia
Scandinavia,Historical_region
Historical_region,List_of_time_periods
List_of_time_periods,Time
Ogg,Free_file_format
Free_file_format,Specification
Specification,Technical_standard
Technical_standard,Norm_(sociology)
Norm_(sociology),Sociology
Sociology,Social_behavior
Social_behavior,Physiology
Physiology,Function_(biology)
Function_(biology),Evolved
Evolved,Heredity
Heredity,Phenotypic_trait
Phenotypic_trait,Phenotype
Phenotype,Organism
North_Eastern_Province_(Kenya),Provinces_of_Kenya
Provinces_of_Kenya,Constitution_of_Kenya
Constitution_of_Kenya,Constitution_of_Kenya_(1963)
Constitution_of_Kenya_(1963),Lancaster_House_Conferences_(Kenya)
Lancaster_House_Conferences_(Kenya),Kenya
Kenya,African_Great_Lakes
African_Great_Lakes,Lake
Lake,Depression_(geology)
Depression_(geology),Geology
Geology,Science
United_States_Air_Force,Aerial_warfare
Aerial_warfare,Military_aircraft
Military_aircraft,Fixed-wing_aircraft
Fixed-wing_aircraft,Aircraft
Aircraft,Machine
Machine,Tool
Tool,Matter
Order_of_the_British_Empire,Order_of_chivalry
Order_of_chivalry,Knight
Knight,Title
Title,Prefix_(linguistics)
Prefix_(linguistics),Affix
Affix,Morpheme
Morpheme,Linguistics
Choghamish_Rural_District,Rural_Districts_of_Iran
Rural_Districts_of_Iran,Country_subdivision
Country_subdivision,Country
Cinema_of_the_United_States,Silent_film
Silent_film,Film
Non-profit_organization,Organization
Organization,Entity
J%C3%A1sz-Nagykun-Szolnok,Hungary
Hungary,Landlocked
Landlocked,Country
Regional_park,Local_government
Local_government,Public_administration
Public_administration,Public_policy
Public_policy,Executive_(government)
Executive_(government),Authority
Adolf,_King_of_Germany,List_of_German_monarchs
List_of_German_monarchs,Treaty_of_Verdun
Treaty_of_Verdun,Carolingian_Empire
Carolingian_Empire,Early_Middle_Ages
Early_Middle_Ages,History_of_Europe
History_of_Europe,European_continent
European_continent,Continent
Netherlands,Constituent_country
Surrey,Counties_of_England
Counties_of_England,Greater_London
Greater_London,Metropolitan_and_non-metropolitan_counties_of_England
Metropolitan_and_non-metropolitan_counties_of_England,Subdivisions_of_England
Subdivisions_of_England,Administrative_division
Comptroller_of_the_Currency,United_States_Department_of_the_Treasury
United_States_Department_of_the_Treasury,United_States_federal_executive_departments
Teacher,Education
Russell_Cook_(musician),Hammered_dulcimer
Hammered_dulcimer,String_instrument
String_instrument,Musical_instrument
Musical_instrument,Sound
Sound,Physics
Commuter_rail_in_North_America,United_States
Acad%C3%A9mie_fran%C3%A7aise,France
France,Western_Europe
Western_Europe,Europe
F%C3%B8rde_(town),Administrative_centre
Administrative_centre,Local_government
Christian_rock,Rock_music
Rock_music,Popular_music
Popular_music,Musical_genre
Musical_genre,Music
Peter_Hitchens,Foreign_correspondent_(journalism)
Foreign_correspondent_(journalism),Journalist
Journalist,News
News,Information
Main-belt_asteroid,Solar_System
Solar_System,Sun
Sun,Star
Antonio_Vivaldi,Baroque_music
Baroque_music,Western_art_music
Western_art_music,Art_music
Art_music,Umbrella_term
Confederate_States_of_America,Slave_states
Slave_states,United_States
Magazine,Publication
Publication,Content_(media)
Content_(media),Information
Argentina,Federal_republic
Japanese_people,Ethnic_group
Ethnic_group,Cultural_heritage
British_Columbia,Provinces_and_territories_of_Canada
Provinces_and_territories_of_Canada,List_of_countries_and_dependencies_by_area
California_Institute_of_Technology,Private_university
Private_university,University
Richard_Pleasance,Rock_music
Town_Clerk_of_London,City_of_London
City_of_London,City_status_in_the_United_Kingdom
City_status_in_the_United_Kingdom,Monarchy_of_the_United_Kingdom
Monarchy_of_the_United_Kingdom,Constitutional_monarchy
Schooner,Sailing_ship
Sailing_ship,Wind
Wind,Outer_space
Outer_space,Celestial_bodies
Celestial_bodies,Entity
Dog_food,Dog
Dog,Canidae
Canidae,Family_(biology)
Family_(biology),Biological_classification
Nakhchivan_Autonomous_Republic,Landlocked_country
Landlocked_country,Country
Joaqu%C3%ADn_Balaguer,Dominican_Republic
Dominican_Republic,Hispaniola
Hispaniola,List_of_islands_by_area
List_of_islands_by_area,Island
Island,Continent
Rambert_Dance_Company,Classical_ballet
Classical_ballet,Ballet
Ballet,Performance_dance
Performance_dance,Dance
Dance,Art_form
Art_form,Human_behavior
National_Curriculum_(England,_Wales_and_Northern_Ireland),National_Curriculum_for_England
Seoul,Metropolis
Metropolis,City
City,Human_settlement
No._10_Squadron_RAAF,Royal_Australian_Air_Force
Royal_Australian_Air_Force,Australian_Defence_Force
Australian_Defence_Force,Armed_forces
Armed_forces,Country
Hopewell,_Franklin_County,_Texas,Unincorporated_area
Unincorporated_area,Law
Moultrie_County,_Illinois,County_(USA)
County_(USA),United_States
Al_Azhar,Cairo
Cairo,Egypt
Egypt,Transcontinental_country
Transcontinental_country,Overseas_territories
Overseas_territories,Territory_(country_subdivision)
Territory_(country_subdivision),Territories_of_Australia
Territories_of_Australia,List_of_countries_and_outlying_territories_by_total_area
Kudavasal_taluk,Taluka
Taluka,Administrative_division
Vadama,Iyer
Iyer,Varna_(Hinduism)
Varna_(Hinduism),Hindu_society
Hindu_society,Indian_subcontinent
Strait,Navigable
Navigable,Water
2006_V8_Supercar_Championship_Series,Australia
Mikael_Wiehe,Sweden
Sweden,Scandinavia
Portrait_painting,Hierarchy_of_genres
Hierarchy_of_genres,Genre
Genre,Literature
Literature,Etymology
Etymology,History
Serbs,South_Slavs
South_Slavs,Slavic_peoples
Slavic_peoples,Proto-Indo-Europeans
Proto-Indo-Europeans,Proto-Indo-European_language
Proto-Indo-European_language,Linguistic_reconstruction
Linguistic_reconstruction,Attested_language
Attested_language,Linguistics
Alex_Avery_(actor),England
City_of_Westminster,Inner_London
Inner_London,London_boroughs
London_boroughs,Greater_London
London,_Ontario,Southwestern_Ontario
Southwestern_Ontario,Southern_Ontario
Southern_Ontario,Provinces_and_territories_of_Canada
Giff_Vivian,New_Zealand
New_Zealand,Island_country
Science_fiction,Genre
Scandinavian_mythology,Mythology
Mythology,Comparative_mythology
Comparative_mythology,Myth
Myth,Comparative_mythology
Jolgeh-ye_Chah_Hashem_Rural_District,Rural_Districts_of_Iran
Welsh_people,Ethnic_group
President_of_Syria,Head_of_state
Head_of_state,Constitution
Constitution,State_(polity)
Natrona_County,_Wyoming,List_of_counties_in_Wyoming
List_of_counties_in_Wyoming,County_(US)
Germans,Germanic_peoples
Germanic_peoples,Proto-Indo-Europeans
Chamak_class_missile_boat,Indian_Navy
Indian_Navy,Navy
Navy,Military
Military,Use_of_force
Use_of_force,Police_force
Police_force,Sovereign_state
Venezuela,South_America
South_America,Continent
Spain,Sovereign_state
Wars_of_the_Three_Kingdoms,Kingdom_of_England
Kingdom_of_England,Sovereign_state
San_Miguel_Brewery_Hong_Kong,Hong_Kong_Stock_Exchange
Hong_Kong_Stock_Exchange,Stock_exchange
Stock_exchange,Exchange_(organized_market)
Exchange_(organized_market),Market_(economics)
Rowing_(sport),Oar_(sport_rowing)
Oar_(sport_rowing),Rowing_(sport)
Alessandro_Dell%27Acqua,Pr%C3%AAt-%C3%A0-porter
Pr%C3%AAt-%C3%A0-porter,Clothing
Clothing,Human_being
Human_being,Hominini
Sarbanan_Rural_District,Rural_Districts_of_Iran
Self-titled,Toponym
Toponym,Greek_language
Greek_language,Indo-European_languages
Hexagon,Geometry
Geometry,Mathematics
Campbell_County,_Tennessee,County_(United_States)
Saguenay-Lac-Saint-Jean,Quebec
Quebec,Provinces_and_territories_of_Canada
Colgate-Palmolive,United_States
Census-designated_place,Place_(United_States_Census_Bureau)
Place_(United_States_Census_Bureau),United_States_Census_Bureau
United_States_Census_Bureau,Federal_Statistical_System_of_the_United_States
Federal_Statistical_System_of_the_United_States,Federal_government_of_the_united_states
Federal_government_of_the_united_states,Federal_government
Federal_government,Political_union
Donut,Draught_and_draft
Draught_and_draft,Comparison_of_American_and_British_English
Comparison_of_American_and_British_English,British_English
Jasvinder_Singh,India
India,South_Asia
South_Asia,South
South,Noun
Peninsula,Mainland
Mainland,Tasmania
Tasmania,States_and_territories_of_Australia
Denmark,Nordic_countries
Nordic_countries,Region
Region,Geography
Billy_Murray_(singer),Vaudeville
Vaudeville,Theatre
Theatre,Fine_art
Fine_art,Aesthetics
Aesthetics,Branch_(academia)
Branch_(academia),Knowledge
Naples,Campania
Campania,Regions_of_Italy
Regions_of_Italy,Administrative_division
Ivaylovgrad,Haskovo_Province
Haskovo_Province,Provinces_of_Bulgaria
Provinces_of_Bulgaria,Bulgaria
Bulgaria,Southeast_Europe
Southeast_Europe,Balkan_peninsula
Balkan_peninsula,Southeast_Europe
Finland,Nordic_countries
Province_of_Venice,Provinces_of_Italy
Provinces_of_Italy,Italy
Italy,Unitary_state
Unitary_state,State_(polity)
Viviparous_brotula,Ophidiiform
Ophidiiform,Order_(biology)
Order_(biology),Biological_classification
Southern_Baptist,Christian_denomination
Christian_denomination,Religion
Religion,Belief_system
Belief_system,Belief
Robertson_Field_at_Satow_Stadium,Baseball
Baseball,Bat-and-ball_games
Skipper_(butterfly),Butterfly
Butterfly,Order_(biology)
Compilation_album,Album#History_and_formats_of_audio_albums
Album#History_and_formats_of_audio_albums,Gramophone_record
Gramophone_record,Analog_signal
Analog_signal,Continuous_function
Continuous_function,Mathematics
Luca_Fancelli,Italy
Brazil,South_America
Flyweight,Boxing
Boxing,Combat_sport
Combat_sport,Contact_sport
Contact_sport,Sport